{"manifestVersion":"1.1","info":{"id":"Microsoft.VisualStudio.TestTools.TestPlatform.V2.CLI,version=17.9.0.2407202"},"packages":[{"id":"Microsoft.VisualStudio.TestTools.TestPlatform.V2.CLI","version":"17.9.0.2407202","type":"Vsix","payloads":[{"fileName":"Microsoft.VisualStudio.TestTools.TestPlatform.V2.CLI.vsix","size":21263583}],"vsixId":"Microsoft.TestPlatform.VSIX.Microsoft.0e51abf6-9f5f-401e-a812-4043b87acabf","extensionDir":"[installdir]\\Common7\\IDE\\Extensions\\TestPlatform","installSizes":{"targetDrive":59261002}}]}